INSERT INTO "faculty" (name) VALUES
  ('РТС'),
  ('ИКСС'),
  ('ИСиТ'),
  ('ФФП'),
  ('ФЭУ'),
  ('ГФ'),
  ('ИВО');

INSERT INTO "group" VALUES
  ('БИ-33', 4, '38.03.05'),
  ('БИ-43', 3, '38.03.05'),
  ('БИ-44', 3, '38.03.05'),
  ('БИ-53', 2, '38.03.05'),
  ('БИ-64', 1, '38.03.05'),
  ('ИКБ-31', 4, '10.03.01'),
  ('ИКБ-41', 3, '10.03.01'),
  ('ИКБ-51', 2, '10.03.01'),
  ('ИКБ-52', 2, '10.03.01'),
  ('ИКБ-61', 1, '10.03.01'),
  ('ИКБ-62', 1, '10.03.01'),
  ('ИКБ-63', 1, '10.03.01'),
  ('ИКБ-64', 1, '10.03.01'),
  ('ИКВТ-31', 4, '09.03.01'),
  ('ИКВТ-41', 3, '09.03.01'),
  ('ИКВТ-42', 3, '09.03.01'),
  ('ИКВТ-51', 2, '09.03.01'),
  ('ИКВТ-52', 2, '09.03.01'),
  ('ИКВТ-61', 1, '09.03.01'),
  ('ИКВТ-62', 1, '09.03.01'),
  ('ИКВТ-63', 1, '09.03.01'),
  ('ИКПИ-31', 4, '09.03.04'),
  ('ИКПИ-32', 4, '09.03.04'),
  ('ИКПИ-41', 3, '09.03.04'),
  ('ИКПИ-42', 3, '09.03.04'),
  ('ИКПИ-43', 3, '09.03.04'),
  ('ИКПИ-51', 2, '09.03.04'),
  ('ИКПИ-52', 2, '09.03.04'),
  ('ИКПИ-53', 2, '09.03.04'),
  ('ИКПИ-61', 1, '09.03.04'),
  ('ИКПИ-62', 1, '09.03.04'),
  ('ИКПИ-63', 1, '09.03.04'),
  ('ИКПИ-64', 1, '09.03.04'),
  ('ИКС-31', 4, '43.03.01'),
  ('ИКС-41', 3, '43.03.01'),
  ('ИКС-61', 1, '43.03.01'),
  ('ИКТ-402', 3, '11.03.02'),
  ('ИКТ-407', 3, '11.03.02'),
  ('ИКТ-408', 3, '11.03.02'),
  ('ИКТ-501', 2, '11.03.02'),
  ('ИКТ-502', 2, '11.03.02'),
  ('ИКТ-503', 2, '11.03.02'),
  ('ИКТ-504', 2, '11.03.02'),
  ('ИКТ-505', 2, '11.03.02'),
  ('ИКТ-506', 2, '11.03.02'),
  ('ИКТ-507', 2, '11.03.02'),
  ('ИКТ-508', 2, '11.03.02'),
  ('ИКТ-601', 1, '11.03.02'),
  ('ИКТ-602', 1, '11.03.02'),
  ('ИКТ-603', 1, '11.03.02'),
  ('ИКТ-604', 1, '11.03.02'),
  ('ИКТ-605', 1, '11.03.02'),
  ('ИКТ-606', 1, '11.03.02'),
  ('ИКТ-607', 1, '11.03.02'),
  ('ИКТ-608', 1, '11.03.02'),
  ('ИКТ-609', 1, '11.03.02'),
  ('ИКТ-610', 1, '11.03.02'),
  ('ИКФ-31', 4, '12.03.03'),
  ('ИКФ-61', 1, '12.03.03'),
  ('ИСТ-311', 4, '09.03.02'),
  ('ИСТ-321', 4, '09.03.02'),
  ('ИСТ-331', 4, '09.03.02'),
  ('ИСТ-341', 4, '09.03.02'),
  ('ИСТ-342', 4, '15.03.04'),
  ('ИСТ-411', 3, '09.03.02'),
  ('ИСТ-412', 3, '15.03.04'),
  ('ИСТ-421', 3, '09.03.02'),
  ('ИСТ-431', 3, '09.03.02'),
  ('ИСТ-441', 3, '09.03.02'),
  ('ИСТ-442', 3, '15.03.04'),
  ('ИСТ-451', 3, '09.03.02'),
  ('ИСТ-511', 2, '09.03.02'),
  ('ИСТ-521', 2, '09.03.02'),
  ('ИСТ-531', 2, '09.03.02'),
  ('ИСТ-541', 2, '09.03.02'),
  ('ИСТ-551', 2, '15.03.04'),
  ('ИСТ-611', 1, '09.03.02'),
  ('ИСТ-621', 1, '09.03.02'),
  ('ИСТ-622', 1, '15.03.04'),
  ('ИСТ-631', 1, '09.03.02'),
  ('ИСТ-632', 1, '15.03.04'),
  ('ИСТ-641', 1, '09.03.02'),
  ('ИСТ-651', 1, '09.03.02'),
  ('РБМ-31', 4, '12.03.04'),
  ('РБМ-41', 3, '12.03.04'),
  ('РБМ-51', 2, '12.03.04'),
  ('РБМ-61', 1, '12.03.04'),
  ('РК-31', 4, '11.03.03'),
  ('РК-32', 4, '11.03.03'),
  ('РК-41', 3, '11.03.03'),
  ('РК-42', 3, '11.03.03'),
  ('РК-51', 2, '11.03.03'),
  ('РК-52', 2, '11.03.03'),
  ('РК-61', 1, '11.03.03'),
  ('РК-62', 1, '11.03.03'),
  ('РК-63', 1, '11.03.03'),
  ('РТ-31', 4, '11.03.01'),
  ('РТ-41', 3, '11.03.01'),
  ('РТ-51', 2, '11.03.01'),
  ('РТ-52', 2, '11.03.01'),
  ('РТ-61', 1, '11.03.01'),
  ('РТ-62', 1, '11.03.01'),
  ('РТ-63', 1, '11.03.01'),
  ('ФП-31', 4, '11.03.04'),
  ('ФП-41', 3, '11.03.04'),
  ('ФП-51', 2, '11.03.04'),
  ('ФП-61', 1, '11.03.04'),
  ('ЭМ-31', 4, '38.03.02'),
  ('ЭМ-32', 4, '38.03.02'),
  ('ЭМ-41', 3, '38.03.02'),
  ('ЭМ-42', 3, '38.03.02'),
  ('ЭМ-51', 2, '38.03.02'),
  ('ЭМ-52', 2, '38.03.02'),
  ('ЭМ-61', 1, '38.03.02');

INSERT INTO "specialty" VALUES
  ('05.03.06', 'Экология и природопользование', 7),
  ('09.03.01', 'Информатика и вычислительная техника', 2),
  ('09.03.02', 'Информационные системы и технологии', 3),
  ('09.03.04', 'Программная инженерия', 2),
  ('10.03.01', 'Информационная безопасность', 2),
  ('11.03.01', 'Радиотехника', 1),
  ('11.03.02', 'Инфокоммуникационные технологии и системы связи', 2),
  ('11.03.03', 'Конструирование и технология электронных средств ', 1),
  ('11.03.04', 'Электроника и наноэлектроника', 4),
  ('12.03.03', 'Фотоника и оптоинформатика', 2),
  ('12.03.04', 'Биотехнические системы и технологии', 1),
  ('15.03.04', 'Автоматизация технологических процессов и производств', 3),
  ('27.03.04', 'Управление в технических системах', 3),
  ('38.03.02', 'Менеджмент', 5),
  ('38.03.05', 'Бизнес-информатика', 5),
  ('41.03.01', 'Зарубежное регионоведение', 6),
  ('42.03.01', 'Реклама и связи с общественностью', 6),
  ('43.03.01', 'Сервис', 2);

INSERT INTO "student" (first_name, last_name, birth_date, group_id) VALUES
  ('Давид', 'Ардашелия', NULL, 'ИКПИ-42'),
  ('Илья', 'Енин', '1996-07-24', 'ИКПИ-42'),
  ('Евгений', 'Капитонов', '1996-10-30', 'ИКПИ-42'),
  ('Людмила', 'Климова', '1996-03-19', 'ИКПИ-42'),
  ('Григорий', 'Крикунов', NULL, 'ИКПИ-42'),
  ('Екатерина', 'Маслова', '1996-10-05', 'ИКПИ-42'),
  ('Максим', 'Рожков', NULL, 'ИКПИ-42'),
  ('Артур', 'Салимьянов', '1996-11-11', 'ИКПИ-42'),
  ('Сергей', 'Соколов', '1995-11-25', 'ИКПИ-42'),
  ('Николай', 'Топорков', '1996-12-19', 'ИКПИ-42'),
  ('Егор', 'Цынский', '1996-02-08', 'ИКПИ-42'),
  ('Алексей', 'Щербак', NULL, 'ИКПИ-42'),
  ('Алёна', 'Яцуненко', '1997-08-09', 'ИКПИ-42'),
  ('Борис', 'Пащенко', NULL, 'ИКПИ-41'),
  ('Дамир', 'Марданов', NULL, 'ИКПИ-41'),
  ('Юлия', 'Когай', NULL, 'ИКПИ-41'),
  ('Дарья', 'Кошелева', NULL, 'ИКПИ-41'),
  ('Никита', 'Шустов', NULL, 'ИКПИ-41'),
  ('Никита', 'Брытков', NULL, 'ИКПИ-41'),
  ('Полина', 'Кирик', NULL, 'ИКПИ-41'),
  ('Алексей', 'Темников', NULL, 'ИКПИ-41'),
  ('Леонид', 'Дудаков', NULL, 'ИКПИ-41'),
  ('Андрей', 'Парфёнов', NULL, 'ИКПИ-41'),
  ('Анатолий', 'Ягов', NULL, 'ИКПИ-41'),
  ('Юрий', 'Кононов', NULL, 'ИКПИ-41'),
  ('Иван', 'Кущёв', NULL, 'ИКПИ-41'),
  ('Илья', 'Зубарев', NULL, 'ИКПИ-41'),
  ('Василий', 'Зеленов', NULL, 'ИКПИ-41'),
  ('Виктория', 'Когут', NULL, 'ИКПИ-43'),
  ('Всеволод', 'Малеев', NULL, 'ИКПИ-43'),
  ('Александр', 'Демидов', NULL, 'ИКПИ-43'),
  ('Оксана', 'Палилова', NULL, 'ИКПИ-43'),
  ('Мария', 'Лебедева', NULL, 'ИКПИ-43'),
  ('Никита', 'Мадебейкин', NULL, 'ИКПИ-43'),
  ('Алексей', 'Кузьмин', NULL, 'ИКПИ-43'),
  ('Роман', 'Николаев', NULL, 'ИКПИ-43'),
  ('Илья', 'Ильин', NULL, 'ИКПИ-43'),
  ('Михаил', 'Загребаев', NULL, 'ИКПИ-43'),
  ('Юлия', 'Каюкова', NULL, 'ИКПИ-43'),
  ('Ренат', 'Князев', NULL, 'ИКПИ-43'),
  ('Кристина', 'Эргардт', NULL, 'ИКПИ-43'),
  ('Иван', 'Малиновский', NULL, 'ИСТ-421'),
  ('Александр', 'Резницкий', NULL, 'ИСТ-421'),
  ('Андрей', 'Бухринов', NULL, 'ИСТ-421'),
  ('Тимур', 'Игнатов', NULL, 'ИСТ-421'),
  ('Александр', 'Митрофанов', NULL, 'ИСТ-421'),
  ('Дмитрий', 'Козинцев', NULL, 'ИСТ-421'),
  ('Дмитрий', 'Бахтин', NULL, 'ИСТ-421'),
  ('Олег', 'Пиюков', NULL, 'ИСТ-421'),
  ('Андрей', 'Флореску', NULL, 'ИСТ-421'),
  ('Александр', 'Мосяков', '1998-12-10', 'ИКТ-605'),
  ('Кирилл', 'Лепихин', '1999-05-10', 'ИКТ-605'),
  ('Кирилл', 'Вихров', '1996-05-15', 'ИКПИ-52'),
  ('Станислав', 'Иванов', '1995-11-18', 'ИКПИ-52'),
  ('Павел', 'Семилетопуло', '1996-08-05', 'ИКПИ-52'),
  ('Мария', 'Павшева', '1997-10-01', 'ИКПИ-51'),
  ('Максим', 'Карпович', NULL, 'ИКВТ-41'),
  ('Сергей', 'Хрипач', NULL, 'ИКВТ-41'),
  ('Максим', 'Гуляев', NULL, 'ИКВТ-41'),
  ('Максим', 'Белов', NULL, 'ИКПИ-32'),
  ('Александр', 'Новоженин', NULL, 'ИКПИ-32');
